,Response,Occurrences
0,"Ayah (6): أَلَمْ نَجْعَلِ الْأَرْضَ مِهَادًا
Ayah (7): وَالْجِبَالَ أَوْتَادًا
Ayah (8): وَخَلَقْنَاكُمْ أَزْوَاجًا
Ayah (9): وَجَعَلْنَا نَوْمَكُمْ سُبَاتًا
Ayah (10): وَجَعَلْنَا اللَّيْلَ لِبَاسًا
Ayah (11): وَجَعَلْنَا النَّهَارَ مَعَاشًا
Ayah (12): وَبَنَيْنَا فَوْقَكُمْ سَبْعًا شِدَادًا
Ayah (13): وَجَعَلْنَا سِرَاجًا وَهَّاجًا
Ayah (15): لِّنُخْرِجَ بِهِ حَبًّا وَنَبَاتًا
Ayah (16): وَجَنَّاتٍ أَلْفَافًا
Ayah (20): وَسُيِّرَتِ الْجِبَالُ فَكَانَتْ سَرَابًا
Ayah (21): إِنَّ جَهَنَّمَ كَانَتْ مِرْصَادًا
Ayah (22): لِّلطَّاغِينَ مَآبًا
Ayah (24): لَّا يَذُوقُونَ فِيهَا بَرْدًا وَلَا شَرَابًا
Ayah (25): إِلَّا حَمِيمًا وَغَسَّاقًا
Ayah (31): إِنَّ لِلْمُتَّقِينَ مَفَازًا
Ayah (32): حَدَائِقَ وَأَعْنَابًا
Ayah (33): وَكَوَاعِبَ أَتْرَابًا
Ayah (34): وَكَأْسًا دِهَاقًا
Ayah (36): جَزَاءً مِّن رَّبِّكَ عَطَاءً حِسَابًا

Number of occurrences: 20",20
1,"Ayah (6): أَلَمْ نَجْعَلِ الْأَرْضَ مِهَادًا
Ayah (7): وَالْجِبَالَ أَوْتَادًا
Ayah (8): وَخَلَقْنَاكُمْ أَزْوَاجًا
Ayah (9): وَجَعَلْنَا نَوْمَكُمْ سُبَاتًا
Ayah (10): وَجَعَلْنَا اللَّيْلَ لِبَاسًا
Ayah (11): وَجَعَلْنَا النَّهَارَ مَعَاشًا
Ayah (12): وَبَنَيْنَا فَوْقَكُمْ سَبْعًا شِدَادًا
Ayah (13): وَجَعَلْنَا سِرَاجًا وَهَّاجًا
Ayah (15): لِّنُخْرِجَ بِهِ حَبًّا وَنَبَاتًا
Ayah (16): وَجَنَّاتٍ أَلْفَافًا
Ayah (20): وَسُيِّرَتِ الْجِبَالُ فَكَانَتْ سَرَابًا
Ayah (21): إِنَّ جَهَنَّمَ كَانَتْ مِرْصَادًا
Ayah (22): لِّلطَّاغِينَ مَآبًا
Ayah (24): لَّا يَذُوقُونَ فِيهَا بَرْدًا وَلَا شَرَابًا
Ayah (25): إِلَّا حَمِيمًا وَغَسَّاقًا
Ayah (31): إِنَّ لِلْمُتَّقِينَ مَفَازًا
Ayah (32): حَدَائِقَ وَأَعْنَابًا
Ayah (33): وَكَوَاعِبَ أَتْرَابًا
Ayah (34): وَكَأْسًا دِهَاقًا
Ayah (36): جَزَاءً مِّن رَّبِّكَ عَطَاءً حِسَابًا

Number of occurrences: 20",20
2,"Ayah (6): أَلَمْ نَجْعَلِ الْأَرْضَ مِهَادًا
Ayah (7): وَالْجِبَالَ أَوْتَادًا
Ayah (8): وَخَلَقْنَاكُمْ أَزْوَاجًا
Ayah (9): وَجَعَلْنَا نَوْمَكُمْ سُبَاتًا
Ayah (10): وَجَعَلْنَا اللَّيْلَ لِبَاسًا
Ayah (11): وَجَعَلْنَا النَّهَارَ مَعَاشًا
Ayah (12): وَبَنَيْنَا فَوْقَكُمْ سَبْعًا شِدَادًا
Ayah (13): وَجَعَلْنَا سِرَاجًا وَهَّاجًا
Ayah (15): لِّنُخْرِجَ بِهِ حَبًّا وَنَبَاتًا
Ayah (16): وَجَنَّاتٍ أَلْفَافًا
Ayah (20): وَسُيِّرَتِ الْجِبَالُ فَكَانَتْ سَرَابًا
Ayah (21): إِنَّ جَهَنَّمَ كَانَتْ مِرْصَادًا
Ayah (22): لِّلطَّاغِينَ مَآبًا
Ayah (24): لَّا يَذُوقُونَ فِيهَا بَرْدًا وَلَا شَرَابًا
Ayah (25): إِلَّا حَمِيمًا وَغَسَّاقًا
Ayah (31): إِنَّ لِلْمُتَّقِينَ مَفَازًا
Ayah (32): حَدَائِقَ وَأَعْنَابًا
Ayah (33): وَكَوَاعِبَ أَتْرَابًا
Ayah (34): وَكَأْسًا دِهَاقًا
Ayah (36): جَزَاءً مِّن رَّبِّكَ عَطَاءً حِسَابًا

Number of occurrences: 20",20
3,"Ayah (6): أَلَمْ نَجْعَلِ الْأَرْضَ مِهَادًا
Ayah (7): وَالْجِبَالَ أَوْتَادًا
Ayah (8): وَخَلَقْنَاكُمْ أَزْوَاجًا
Ayah (9): وَجَعَلْنَا نَوْمَكُمْ سُبَاتًا
Ayah (10): وَجَعَلْنَا اللَّيْلَ لِبَاسًا
Ayah (11): وَجَعَلْنَا النَّهَارَ مَعَاشًا
Ayah (12): وَبَنَيْنَا فَوْقَكُمْ سَبْعًا شِدَادًا
Ayah (13): وَجَعَلْنَا سِرَاجًا وَهَّاجًا
Ayah (15): لِّنُخْرِجَ بِهِ حَبًّا وَنَبَاتًا
Ayah (16): وَجَنَّاتٍ أَلْفَافًا
Ayah (20): وَسُيِّرَتِ الْجِبَالُ فَكَانَتْ سَرَابًا
Ayah (21): إِنَّ جَهَنَّمَ كَانَتْ مِرْصَادًا
Ayah (22): لِّلطَّاغِينَ مَآبًا
Ayah (24): لَّا يَذُوقُونَ فِيهَا بَرْدًا وَلَا شَرَابًا
Ayah (25): إِلَّا حَمِيمًا وَغَسَّاقًا
Ayah (31): إِنَّ لِلْمُتَّقِينَ مَفَازًا
Ayah (32): حَدَائِقَ وَأَعْنَابًا
Ayah (33): وَكَوَاعِبَ أَتْرَابًا
Ayah (34): وَكَأْسًا دِهَاقًا
Ayah (36): جَزَاءً مِّن رَّبِّكَ عَطَاءً حِسَابًا

Number of occurrences: 20",20
4,"Ayah (6): أَلَمْ نَجْعَلِ الْأَرْضَ مِهَادًا
Ayah (7): وَالْجِبَالَ أَوْتَادًا
Ayah (8): وَخَلَقْنَاكُمْ أَزْوَاجًا
Ayah (9): وَجَعَلْنَا نَوْمَكُمْ سُبَاتًا
Ayah (10): وَجَعَلْنَا اللَّيْلَ لِبَاسًا
Ayah (11): وَجَعَلْنَا النَّهَارَ مَعَاشًا
Ayah (12): وَبَنَيْنَا فَوْقَكُمْ سَبْعًا شِدَادًا
Ayah (13): وَجَعَلْنَا سِرَاجًا وَهَّاجًا
Ayah (15): لِّنُخْرِجَ بِهِ حَبًّا وَنَبَاتًا
Ayah (16): وَجَنَّاتٍ أَلْفَافًا
Ayah (21): إِنَّ جَهَنَّمَ كَانَتْ مِرْصَادًا
Ayah (22): لِّلطَّاغِينَ مَآبًا
Ayah (23): لَّابِثِينَ فِيهَا أَحْقَابًا
Ayah (36): جَزَاءً مِّن رَّبِّكَ عَطَاءً حِسَابًا

Number of occurrences: 13",13
